{
	"class_name" : "ViewTrajectory",
	"interval" : 29,
	"is_loop" : false,
	"trajectory" : 
	[
		{
			"boundingbox_max" : [ 48.313603190000002, 38.711141089999998, -80.724061280000001 ],
			"boundingbox_min" : [ -45.523931709999999, -40.197244040000001, -126.58287267999999 ],
			"field_of_view" : 5.0,
			"front" : [ 0.0, 0.0, 1.0 ],
			"lookat" : [ 1.3948357400000013, -0.98688129009448955, -103.65346697999999 ],
			"up" : [ -0.056969139513712554, 0.99837593978574479, 0.0 ],
			"zoom" : 0.43999999999999972
		}
	],
	"version_major" : 1,
	"version_minor" : 0
}