{
	"class_name" : "ViewTrajectory",
	"interval" : 29,
	"is_loop" : false,
	"trajectory" : 
	[
		{
			"boundingbox_max" : [ 37.700818310000002, 27.674916490000001, -81.52770022 ],
			"boundingbox_min" : [ -38.569743109999997, -25.919252780000001, -121.2659836 ],
			"field_of_view" : 5.0,
			"front" : [ 0.0, 0.0, 1.0 ],
			"lookat" : [ 1.2521453313041158, 1.8914098504878176, -101.39684191000001 ],
			"up" : [ -0.095852611932817064, 0.99539553785701518, 0.0 ],
			"zoom" : 0.2999999999999996
		}
	],
	"version_major" : 1,
	"version_minor" : 0
}