{
	"class_name" : "ViewTrajectory",
	"interval" : 29,
	"is_loop" : false,
	"trajectory" : 
	[
		{
			"boundingbox_max" : [ -1.0416717529296875, 1.4233615398406982, 0.26297882199287415 ],
			"boundingbox_min" : [ -1.8726382255554199, 0.46742230653762817, -0.27394288778305054 ],
			"field_of_view" : 5.0,
			"front" : [ -0.14826506932235886, 0.084233840127190485, 0.9853538092463352 ],
			"lookat" : [ -1.4571549892425537, 0.94539192318916321, -0.0054820328950881958 ],
			"up" : [ -0.29036812722449207, 0.94874255962024612, -0.12479545767921685 ],
			"zoom" : 0.69999999999999996
		}
	],
	"version_major" : 1,
	"version_minor" : 0
}